USE summerCamp_db;

INSERT INTO events 
(name,venue_name,venue_address,venue_city,start_date,end_date,contact_name,contact_email,createdAt,updatedAt) 
VALUES 
("MVDC 2020","Royal Arch Park","20821 Renton-Maple Valley Rd","Maple Valley","2020-08-03 08:00:00","2020-08-07 08:00:00","Diana Stebbins","mvdcregistrar@gmail.com","2020-04-23 08:00:00","2020-04-23 08:00:00");

INSERT INTO users (username, password) VALUES ("vale@mail.com","$2b$10$XdWwqBIXqIdc3gUXUNpo6OMMUslzEax/N.ymahcf84gtKWwZ/XNz2");
INSERT INTO users (username, password) VALUES ("diana@mail.com","$2b$10$XdWwqBIXqIdc3gUXUNpo6OMMUslzEax/N.ymahcf84gtKWwZ/XNz2");
INSERT INTO users (username, password) VALUES ("louis@mail.com","$2b$10$XdWwqBIXqIdc3gUXUNpo6OMMUslzEax/N.ymahcf84gtKWwZ/XNz2");
INSERT INTO users (username, password) VALUES ("abdul@mail.com","$2b$10$XdWwqBIXqIdc3gUXUNpo6OMMUslzEax/N.ymahcf84gtKWwZ/XNz2");
INSERT INTO users (username, password) VALUES ("kristan@mail.com","$2b$10$XdWwqBIXqIdc3gUXUNpo6OMMUslzEax/N.ymahcf84gtKWwZ/XNz2");
INSERT INTO users (username, password) VALUES ("kimi@mail.com","$2b$10$XdWwqBIXqIdc3gUXUNpo6OMMUslzEax/N.ymahcf84gtKWwZ/XNz2");
INSERT INTO users (username, password) VALUES ("kelly@mail.com","$2b$10$XdWwqBIXqIdc3gUXUNpo6OMMUslzEax/N.ymahcf84gtKWwZ/XNz2");
INSERT INTO users (username, password) VALUES ("jenni@mail.com","$2b$10$XdWwqBIXqIdc3gUXUNpo6OMMUslzEax/N.ymahcf84gtKWwZ/XNz2");
INSERT INTO users (username, password) VALUES ("brenda@mail.com","$2b$10$XdWwqBIXqIdc3gUXUNpo6OMMUslzEax/N.ymahcf84gtKWwZ/XNz2");
INSERT INTO users (username, password) VALUES ("sherry@mail.com","$2b$10$XdWwqBIXqIdc3gUXUNpo6OMMUslzEax/N.ymahcf84gtKWwZ/XNz2");

INSERT INTO registrations (first_year,	first_name,	last_name,	grade_in_school,	t_shirt_size,	buddy_request,	registered_girl_scout,	registration_confirmed,	troop_number,	service_unit_number,	guardian_first_name,	guardian_last_name,	address_street,	address_city,	address_state,	address_zip,	phone_cell,	phone_home,	phone_work,	phone_work_extension,	email,	emergency_contact_1_name,	emergency_contact_1_phone,	emergency_contact_1_relationship,	emergency_contact_2_name,	emergency_contact_2_phone,	emergency_contact_2_relationship,	contact_for_volunteer,	createdAt, updatedAt, EventId,	UserId)
VALUES (0,	"Diana",	"Stebbins",	"volunteer",	"AM",	"",	1,	0,	"Lifetime",	"024",	"",	"",	"25019 235th Court SE",	"Maple Valley",	"WA",	98038,	"206-349-3212",	"",	"",	"",	"diana@mail.com",	"Cliff Stebbins",	"206-349-3208",	"Spouse",	"",	"",	"",	0, current_timestamp(),	current_timestamp(), 1,	2);
INSERT INTO healthhistories (immunization_utd,	ci_asthma,	ci_blood_disorder,	ci_diabetes,	ci_ear_infection,	ci_heart,	ci_hypertension,	ci_muskuloskeletal_disorder,	ci_seizures,	ill_exposed,	ill_prolonged,	ill_medication,	inj_physical_restriction,	inj_recent_hospital_er,	inj_recent_injury_fracture,	inj_recent_surgery,	ci_ill_inj_detail,	all_animals,	all_foods,	all_hayfever,	all_insect_stings,	all_medications_drugs,	all_plants,	all_pollen,	all_detail,	ohc_bedwetting,	ohc_constipation,	ohc_emotional_disturbance,	ohc_fainting,	ohc_hearing_impairment,	ohc_menstrual_cramps,	ohc_motion_sickness,	ohc_nosebleeds,	ohc_sickle_cell,	ohc_sleep_disturbances,	ohc_special_diet_regime,	ohc_vision_impairment,	ohc_detail,	other_concern,	camp_administered_rx,	aspirin,	benadryl,	dramamine,	ibuprofen,	imodium,	pepto_bismol,	robitussin,	sudafed,	tums,	tylenol,	ont_neosporin,	ont_sunscreen,	createdAt, updatedAt, RegistrationId)
VALUES (1,	0,	0,	0,	0,	0,	0,	0,	0,	0,	0,	0,	0,	0,	0,	0,	"chronic illness details",	0,	0,	0,	0,	0,	0,	0,	"allergy details",	0,	0,	0,	0,	0,	0,	0,	0,	0,	0,	0,	0,	0,	"other conditions detail",	"",	0,	0,	0,	0,	0,	0,	0,	0,	0,	0,	0,	0,	current_timestamp(),	current_timestamp(), 1);
INSERT INTO volunteerinfos (camp_name,sweatshirt_size,sweatshirt_style,camp_unit,background_check_complete,createdAt, updatedAt, RegistrationId)
VALUES ("","AL","Zip-up with Name","volunteer",0,current_timestamp(),current_timestamp(),1);

INSERT INTO registrations (first_year,	first_name,	last_name,	grade_in_school,	t_shirt_size,	buddy_request,	registered_girl_scout,	registration_confirmed,	troop_number,	service_unit_number,	guardian_first_name,	guardian_last_name,	address_street,	address_city,	address_state,	address_zip,	phone_cell,	phone_home,	phone_work,	phone_work_extension,	email,	emergency_contact_1_name,	emergency_contact_1_phone,	emergency_contact_1_relationship,	emergency_contact_2_name,	emergency_contact_2_phone,	emergency_contact_2_relationship,	contact_for_volunteer,	createdAt, updatedAt, EventId,	UserId)
VALUES (0,	"Makayla",	"Stebbins",	"12",	"AS",	"",	1,	0,	"52853",	"024",	"Diana",	"Stebbins",	"25019 235th Court SE",	"Maple Valley",	"WA",	98038,	"206-349-3212",	"",	"",	"",	"diana@mail.com",	"Cliff Stebbins",	"206-349-3208",	"Parent",	"Melanie ORourke",	"253-653-0112",	"Family Friend",	0, current_timestamp(),	current_timestamp(), 1,	2);
INSERT INTO healthhistories (immunization_utd,	ci_asthma,	ci_blood_disorder,	ci_diabetes,	ci_ear_infection,	ci_heart,	ci_hypertension,	ci_muskuloskeletal_disorder,	ci_seizures,	ill_exposed,	ill_prolonged,	ill_medication,	inj_physical_restriction,	inj_recent_hospital_er,	inj_recent_injury_fracture,	inj_recent_surgery,	ci_ill_inj_detail,	all_animals,	all_foods,	all_hayfever,	all_insect_stings,	all_medications_drugs,	all_plants,	all_pollen,	all_detail,	ohc_bedwetting,	ohc_constipation,	ohc_emotional_disturbance,	ohc_fainting,	ohc_hearing_impairment,	ohc_menstrual_cramps,	ohc_motion_sickness,	ohc_nosebleeds,	ohc_sickle_cell,	ohc_sleep_disturbances,	ohc_special_diet_regime,	ohc_vision_impairment,	ohc_detail,	other_concern,	camp_administered_rx,	aspirin,	benadryl,	dramamine,	ibuprofen,	imodium,	pepto_bismol,	robitussin,	sudafed,	tums,	tylenol,	ont_neosporin,	ont_sunscreen,	createdAt, updatedAt, RegistrationId)
VALUES (1,	0,	0,	0,	0,	0,	0,	0,	0,	0,	0,	0,	0,	0,	0,	0,	"chronic illness details",	0,	0,	0,	0,	1,	0,	0,	"amoxicillin, penicillin",	0,	0,	0,	0,	0,	0,	0,	0,	0,	0,	0,	0,	0,	"other conditions detail",	"",	1,	1,	0,	0,	1,	1,	0,	0,	1,	1,	0,	0,	current_timestamp(),	current_timestamp(), 2);
INSERT INTO volunteerinfos (camp_name,sweatshirt_size,sweatshirt_style,camp_unit,background_check_complete,createdAt, updatedAt, RegistrationId)
VALUES ("","AS","Hoodie with Name","12",0,current_timestamp(),current_timestamp(),2);
INSERT INTO registrations (first_year,	first_name,	last_name,	grade_in_school,	t_shirt_size,	buddy_request,	registered_girl_scout,	registration_confirmed,	troop_number,	service_unit_number,	guardian_first_name,	guardian_last_name,	address_street,	address_city,	address_state,	address_zip,	phone_cell,	phone_home,	phone_work,	phone_work_extension,	email,	emergency_contact_1_name,	emergency_contact_1_phone,	emergency_contact_1_relationship,	emergency_contact_2_name,	emergency_contact_2_phone,	emergency_contact_2_relationship,	contact_for_volunteer,	createdAt, updatedAt, EventId,	UserId)
VALUES (0,	"Lauren",	"Sunshine",	"12",	"AS",	"",	1,	0,	"52853",	"024",	"Gina",	"Sunshine",	"25019 235th Court SE",	"Maple Valley",	"WA",	98038,	"206-349-3212",	"",	"",	"",	"diana@mail.com",	"Cliff Stebbins",	"206-349-3208",	"Parent",	"Melanie ORourke",	"253-653-0112",	"Family Friend",	0, current_timestamp(),	current_timestamp(), 1,	2);
INSERT INTO healthhistories (immunization_utd,	ci_asthma,	ci_blood_disorder,	ci_diabetes,	ci_ear_infection,	ci_heart,	ci_hypertension,	ci_muskuloskeletal_disorder,	ci_seizures,	ill_exposed,	ill_prolonged,	ill_medication,	inj_physical_restriction,	inj_recent_hospital_er,	inj_recent_injury_fracture,	inj_recent_surgery,	ci_ill_inj_detail,	all_animals,	all_foods,	all_hayfever,	all_insect_stings,	all_medications_drugs,	all_plants,	all_pollen,	all_detail,	ohc_bedwetting,	ohc_constipation,	ohc_emotional_disturbance,	ohc_fainting,	ohc_hearing_impairment,	ohc_menstrual_cramps,	ohc_motion_sickness,	ohc_nosebleeds,	ohc_sickle_cell,	ohc_sleep_disturbances,	ohc_special_diet_regime,	ohc_vision_impairment,	ohc_detail,	other_concern,	camp_administered_rx,	aspirin,	benadryl,	dramamine,	ibuprofen,	imodium,	pepto_bismol,	robitussin,	sudafed,	tums,	tylenol,	ont_neosporin,	ont_sunscreen,	createdAt, updatedAt, RegistrationId)
VALUES (1,	0,	0,	0,	0,	0,	0,	0,	0,	0,	0,	0,	0,	0,	0,	0,	"chronic illness details",	0,	0,	0,	0,	1,	0,	0,	"amoxicillin, penicillin",	0,	0,	0,	0,	0,	0,	0,	0,	0,	0,	0,	0,	0,	"other conditions detail",	"",	1,	1,	0,	0,	1,	1,	0,	0,	1,	1,	0,	0,	current_timestamp(),	current_timestamp(), 3);
INSERT INTO volunteerinfos (camp_name,sweatshirt_size,sweatshirt_style,camp_unit,background_check_complete,createdAt, updatedAt, RegistrationId)
VALUES ("","AS","Hoodie with Name","12",0,current_timestamp(),current_timestamp(),3);
INSERT INTO registrations (first_year,	first_name,	last_name,	grade_in_school,	t_shirt_size,	buddy_request,	registered_girl_scout,	registration_confirmed,	troop_number,	service_unit_number,	guardian_first_name,	guardian_last_name,	address_street,	address_city,	address_state,	address_zip,	phone_cell,	phone_home,	phone_work,	phone_work_extension,	email,	emergency_contact_1_name,	emergency_contact_1_phone,	emergency_contact_1_relationship,	emergency_contact_2_name,	emergency_contact_2_phone,	emergency_contact_2_relationship,	contact_for_volunteer,	createdAt, updatedAt, EventId,	UserId)
VALUES (0,	"Kelly",	"Marshmallow",	"12",	"AS",	"",	1,	0,	"52853",	"024",	"Sherry",	"Marshmallow",	"25019 235th Court SE",	"Maple Valley",	"WA",	98038,	"206-349-3212",	"",	"",	"",	"diana@mail.com",	"Cliff Stebbins",	"206-349-3208",	"Parent",	"Melanie ORourke",	"253-653-0112",	"Family Friend",	0, current_timestamp(),	current_timestamp(), 1,	10);
INSERT INTO healthhistories (immunization_utd,	ci_asthma,	ci_blood_disorder,	ci_diabetes,	ci_ear_infection,	ci_heart,	ci_hypertension,	ci_muskuloskeletal_disorder,	ci_seizures,	ill_exposed,	ill_prolonged,	ill_medication,	inj_physical_restriction,	inj_recent_hospital_er,	inj_recent_injury_fracture,	inj_recent_surgery,	ci_ill_inj_detail,	all_animals,	all_foods,	all_hayfever,	all_insect_stings,	all_medications_drugs,	all_plants,	all_pollen,	all_detail,	ohc_bedwetting,	ohc_constipation,	ohc_emotional_disturbance,	ohc_fainting,	ohc_hearing_impairment,	ohc_menstrual_cramps,	ohc_motion_sickness,	ohc_nosebleeds,	ohc_sickle_cell,	ohc_sleep_disturbances,	ohc_special_diet_regime,	ohc_vision_impairment,	ohc_detail,	other_concern,	camp_administered_rx,	aspirin,	benadryl,	dramamine,	ibuprofen,	imodium,	pepto_bismol,	robitussin,	sudafed,	tums,	tylenol,	ont_neosporin,	ont_sunscreen,	createdAt, updatedAt, RegistrationId)
VALUES (1,	0,	0,	0,	0,	0,	0,	0,	0,	0,	0,	0,	0,	0,	0,	0,	"chronic illness details",	0,	0,	0,	0,	1,	0,	0,	"amoxicillin, penicillin",	0,	0,	0,	0,	0,	0,	0,	0,	0,	0,	0,	0,	0,	"other conditions detail",	"",	1,	1,	0,	0,	1,	1,	0,	0,	1,	1,	0,	0,	current_timestamp(),	current_timestamp(), 4);
INSERT INTO volunteerinfos (camp_name,sweatshirt_size,sweatshirt_style,camp_unit,background_check_complete,createdAt, updatedAt, RegistrationId)
VALUES ("","AS","Hoodie with Name","12",0,current_timestamp(),current_timestamp(),4);

INSERT INTO registrations (first_year,	first_name,	last_name,	grade_in_school,	t_shirt_size,	buddy_request,	registered_girl_scout,	registration_confirmed,	troop_number,	service_unit_number,	guardian_first_name,	guardian_last_name,	address_street,	address_city,	address_state,	address_zip,	phone_cell,	phone_home,	phone_work,	phone_work_extension,	email,	emergency_contact_1_name,	emergency_contact_1_phone,	emergency_contact_1_relationship,	emergency_contact_2_name,	emergency_contact_2_phone,	emergency_contact_2_relationship,	contact_for_volunteer,	createdAt, updatedAt, EventId,	UserId)
VALUES (0,	"Kristan",	"Blossom",	"volunteer",	"AXL",	"",	1,	0,	"49999",	"024",	"",	"",	"25019 235th Court SE",	"Maple Valley",	"WA",	98038,	"206-349-3212",	"",	"",	"",	"kristan@mail.com",	"Kimi",	"206-349-3208",	"Family Friend",	"",	"",	"",	0, current_timestamp(),	current_timestamp(), 1,	5);
INSERT INTO healthhistories (immunization_utd,	ci_asthma,	ci_blood_disorder,	ci_diabetes,	ci_ear_infection,	ci_heart,	ci_hypertension,	ci_muskuloskeletal_disorder,	ci_seizures,	ill_exposed,	ill_prolonged,	ill_medication,	inj_physical_restriction,	inj_recent_hospital_er,	inj_recent_injury_fracture,	inj_recent_surgery,	ci_ill_inj_detail,	all_animals,	all_foods,	all_hayfever,	all_insect_stings,	all_medications_drugs,	all_plants,	all_pollen,	all_detail,	ohc_bedwetting,	ohc_constipation,	ohc_emotional_disturbance,	ohc_fainting,	ohc_hearing_impairment,	ohc_menstrual_cramps,	ohc_motion_sickness,	ohc_nosebleeds,	ohc_sickle_cell,	ohc_sleep_disturbances,	ohc_special_diet_regime,	ohc_vision_impairment,	ohc_detail,	other_concern,	camp_administered_rx,	aspirin,	benadryl,	dramamine,	ibuprofen,	imodium,	pepto_bismol,	robitussin,	sudafed,	tums,	tylenol,	ont_neosporin,	ont_sunscreen,	createdAt, updatedAt, RegistrationId)
VALUES (1,	0,	0,	0,	0,	0,	0,	0,	0,	0,	0,	0,	0,	0,	0,	0,	"chronic illness details",	0,	0,	0,	0,	0,	0,	0,	"allergy details",	0,	0,	0,	0,	0,	0,	0,	0,	0,	0,	0,	0,	0,	"other conditions detail",	"",	0,	0,	0,	0,	0,	0,	0,	0,	0,	0,	0,	0,	current_timestamp(),	current_timestamp(), 5);
INSERT INTO volunteerinfos (camp_name,sweatshirt_size,sweatshirt_style,camp_unit,background_check_complete,createdAt, updatedAt, RegistrationId)
VALUES ("","AXL","Zip-up with Name","volunteer",0,current_timestamp(),current_timestamp(),5);
INSERT INTO registrations (first_year,	first_name,	last_name,	grade_in_school,	t_shirt_size,	buddy_request,	registered_girl_scout,	registration_confirmed,	troop_number,	service_unit_number,	guardian_first_name,	guardian_last_name,	address_street,	address_city,	address_state,	address_zip,	phone_cell,	phone_home,	phone_work,	phone_work_extension,	email,	emergency_contact_1_name,	emergency_contact_1_phone,	emergency_contact_1_relationship,	emergency_contact_2_name,	emergency_contact_2_phone,	emergency_contact_2_relationship,	contact_for_volunteer,	createdAt, updatedAt, EventId,	UserId)
VALUES (0,	"Kimi",	"Spoiled",	"volunteer",	"AS",	"",	1,	0,	"49999",	"024",	"",	"",	"25019 235th Court SE",	"Maple Valley",	"WA",	98038,	"206-349-3212",	"",	"",	"",	"kimi@mail.com",	"Josh",	"206-349-3208",	"Spouse",	"",	"",	"",	0, current_timestamp(),	current_timestamp(), 1,	6);
INSERT INTO healthhistories (immunization_utd,	ci_asthma,	ci_blood_disorder,	ci_diabetes,	ci_ear_infection,	ci_heart,	ci_hypertension,	ci_muskuloskeletal_disorder,	ci_seizures,	ill_exposed,	ill_prolonged,	ill_medication,	inj_physical_restriction,	inj_recent_hospital_er,	inj_recent_injury_fracture,	inj_recent_surgery,	ci_ill_inj_detail,	all_animals,	all_foods,	all_hayfever,	all_insect_stings,	all_medications_drugs,	all_plants,	all_pollen,	all_detail,	ohc_bedwetting,	ohc_constipation,	ohc_emotional_disturbance,	ohc_fainting,	ohc_hearing_impairment,	ohc_menstrual_cramps,	ohc_motion_sickness,	ohc_nosebleeds,	ohc_sickle_cell,	ohc_sleep_disturbances,	ohc_special_diet_regime,	ohc_vision_impairment,	ohc_detail,	other_concern,	camp_administered_rx,	aspirin,	benadryl,	dramamine,	ibuprofen,	imodium,	pepto_bismol,	robitussin,	sudafed,	tums,	tylenol,	ont_neosporin,	ont_sunscreen,	createdAt, updatedAt, RegistrationId)
VALUES (1,	0,	0,	0,	0,	0,	0,	0,	0,	0,	0,	0,	0,	0,	0,	0,	"chronic illness details",	0,	0,	0,	0,	0,	0,	0,	"allergy details",	0,	0,	0,	0,	0,	0,	0,	0,	0,	0,	0,	0,	0,	"other conditions detail",	"",	0,	0,	0,	0,	0,	0,	0,	0,	0,	0,	0,	0,	current_timestamp(),	current_timestamp(), 6);
INSERT INTO volunteerinfos (camp_name,sweatshirt_size,sweatshirt_style,camp_unit,background_check_complete,createdAt, updatedAt, RegistrationId)
VALUES ("","AS","Zip-up with Name","volunteer",0,current_timestamp(),current_timestamp(),6);
INSERT INTO registrations (first_year,	first_name,	last_name,	grade_in_school,	t_shirt_size,	buddy_request,	registered_girl_scout,	registration_confirmed,	troop_number,	service_unit_number,	guardian_first_name,	guardian_last_name,	address_street,	address_city,	address_state,	address_zip,	phone_cell,	phone_home,	phone_work,	phone_work_extension,	email,	emergency_contact_1_name,	emergency_contact_1_phone,	emergency_contact_1_relationship,	emergency_contact_2_name,	emergency_contact_2_phone,	emergency_contact_2_relationship,	contact_for_volunteer,	createdAt, updatedAt, EventId,	UserId)
VALUES (0,	"Kelly",	"Tula",	"volunteer",	"AM",	"",	1,	0,	"53535",	"024",	"",	"",	"25019 235th Court SE",	"Maple Valley",	"WA",	98038,	"206-349-3212",	"",	"",	"",	"kelly@mail.com",	"Victor",	"206-349-3208",	"Spouse",	"",	"",	"",	0, current_timestamp(),	current_timestamp(), 1,	7);
INSERT INTO healthhistories (immunization_utd,	ci_asthma,	ci_blood_disorder,	ci_diabetes,	ci_ear_infection,	ci_heart,	ci_hypertension,	ci_muskuloskeletal_disorder,	ci_seizures,	ill_exposed,	ill_prolonged,	ill_medication,	inj_physical_restriction,	inj_recent_hospital_er,	inj_recent_injury_fracture,	inj_recent_surgery,	ci_ill_inj_detail,	all_animals,	all_foods,	all_hayfever,	all_insect_stings,	all_medications_drugs,	all_plants,	all_pollen,	all_detail,	ohc_bedwetting,	ohc_constipation,	ohc_emotional_disturbance,	ohc_fainting,	ohc_hearing_impairment,	ohc_menstrual_cramps,	ohc_motion_sickness,	ohc_nosebleeds,	ohc_sickle_cell,	ohc_sleep_disturbances,	ohc_special_diet_regime,	ohc_vision_impairment,	ohc_detail,	other_concern,	camp_administered_rx,	aspirin,	benadryl,	dramamine,	ibuprofen,	imodium,	pepto_bismol,	robitussin,	sudafed,	tums,	tylenol,	ont_neosporin,	ont_sunscreen,	createdAt, updatedAt, RegistrationId)
VALUES (1,	0,	0,	0,	0,	0,	0,	0,	0,	0,	0,	0,	0,	0,	0,	0,	"chronic illness details",	0,	0,	0,	0,	0,	0,	0,	"allergy details",	0,	0,	0,	0,	0,	0,	0,	0,	0,	0,	0,	0,	0,	"other conditions detail",	"",	0,	0,	0,	0,	0,	0,	0,	0,	0,	0,	0,	0,	current_timestamp(),	current_timestamp(), 7);
INSERT INTO volunteerinfos (camp_name,sweatshirt_size,sweatshirt_style,camp_unit,background_check_complete,createdAt, updatedAt, RegistrationId)
VALUES ("","AL","Zip-up with Name","volunteer",0,current_timestamp(),current_timestamp(),7);

INSERT INTO registrations (first_year,	first_name,	last_name,	grade_in_school,	t_shirt_size,	buddy_request,	registered_girl_scout,	registration_confirmed,	troop_number,	service_unit_number,	guardian_first_name,	guardian_last_name,	address_street,	address_city,	address_state,	address_zip,	phone_cell,	phone_home,	phone_work,	phone_work_extension,	email,	emergency_contact_1_name,	emergency_contact_1_phone,	emergency_contact_1_relationship,	emergency_contact_2_name,	emergency_contact_2_phone,	emergency_contact_2_relationship,	contact_for_volunteer,	createdAt, updatedAt, EventId,	UserId)
VALUES (0,	"Sophia",	"Spoiled",	"5",	"YM",	"",	1,	0,	"49999",	"024",	"",	"",	"25019 235th Court SE",	"Maple Valley",	"WA",	98038,	"206-349-3212",	"",	"",	"",	"kimi@mail.com",	"Josh",	"206-349-3208",	"Parent",	"",	"",	"",	0, current_timestamp(),	current_timestamp(), 1,	6);
INSERT INTO healthhistories (immunization_utd,	ci_asthma,	ci_blood_disorder,	ci_diabetes,	ci_ear_infection,	ci_heart,	ci_hypertension,	ci_muskuloskeletal_disorder,	ci_seizures,	ill_exposed,	ill_prolonged,	ill_medication,	inj_physical_restriction,	inj_recent_hospital_er,	inj_recent_injury_fracture,	inj_recent_surgery,	ci_ill_inj_detail,	all_animals,	all_foods,	all_hayfever,	all_insect_stings,	all_medications_drugs,	all_plants,	all_pollen,	all_detail,	ohc_bedwetting,	ohc_constipation,	ohc_emotional_disturbance,	ohc_fainting,	ohc_hearing_impairment,	ohc_menstrual_cramps,	ohc_motion_sickness,	ohc_nosebleeds,	ohc_sickle_cell,	ohc_sleep_disturbances,	ohc_special_diet_regime,	ohc_vision_impairment,	ohc_detail,	other_concern,	camp_administered_rx,	aspirin,	benadryl,	dramamine,	ibuprofen,	imodium,	pepto_bismol,	robitussin,	sudafed,	tums,	tylenol,	ont_neosporin,	ont_sunscreen,	createdAt, updatedAt, RegistrationId)
VALUES (1,	0,	0,	0,	1,	0,	0,	0,	0,	0,	0,	0,	0,	0,	0,	0,	"chronic illness details",	0,	0,	0,	0,	0,	0,	0,	"allergy details",	0,	0,	0,	0,	0,	0,	0,	0,	0,	0,	0,	0,	0,	"other conditions detail",	"",	1,	1,	1,	1,	1,	1,	1,	0,	0,	0,	0,	0,	current_timestamp(),	current_timestamp(), 8);

INSERT INTO registrations (first_year,	first_name,	last_name,	grade_in_school,	t_shirt_size,	buddy_request,	registered_girl_scout,	registration_confirmed,	troop_number,	service_unit_number,	guardian_first_name,	guardian_last_name,	address_street,	address_city,	address_state,	address_zip,	phone_cell,	phone_home,	phone_work,	phone_work_extension,	email,	emergency_contact_1_name,	emergency_contact_1_phone,	emergency_contact_1_relationship,	emergency_contact_2_name,	emergency_contact_2_phone,	emergency_contact_2_relationship,	contact_for_volunteer,	createdAt, updatedAt, EventId,	UserId)
VALUES (0,	"Abbie",	"Tula",	"8",	"AM",	"",	1,	0,	"53535",	"024",	"",	"",	"25019 235th Court SE",	"Maple Valley",	"WA",	98038,	"206-349-3212",	"",	"",	"",	"kelly@mail.com",	"Parent",	"206-349-3208",	"Spouse",	"Edward",	"206-839-1416",	"Grandparent",	0, current_timestamp(),	current_timestamp(), 1,	7);
INSERT INTO healthhistories (immunization_utd,	ci_asthma,	ci_blood_disorder,	ci_diabetes,	ci_ear_infection,	ci_heart,	ci_hypertension,	ci_muskuloskeletal_disorder,	ci_seizures,	ill_exposed,	ill_prolonged,	ill_medication,	inj_physical_restriction,	inj_recent_hospital_er,	inj_recent_injury_fracture,	inj_recent_surgery,	ci_ill_inj_detail,	all_animals,	all_foods,	all_hayfever,	all_insect_stings,	all_medications_drugs,	all_plants,	all_pollen,	all_detail,	ohc_bedwetting,	ohc_constipation,	ohc_emotional_disturbance,	ohc_fainting,	ohc_hearing_impairment,	ohc_menstrual_cramps,	ohc_motion_sickness,	ohc_nosebleeds,	ohc_sickle_cell,	ohc_sleep_disturbances,	ohc_special_diet_regime,	ohc_vision_impairment,	ohc_detail,	other_concern,	camp_administered_rx,	aspirin,	benadryl,	dramamine,	ibuprofen,	imodium,	pepto_bismol,	robitussin,	sudafed,	tums,	tylenol,	ont_neosporin,	ont_sunscreen,	createdAt, updatedAt, RegistrationId)
VALUES (1,	0,	0,	0,	0,	0,	0,	0,	0,	0,	0,	0,	0,	0,	0,	0,	"chronic illness details",	0,	0,	0,	0,	0,	0,	0,	"allergy details",	0,	0,	0,	0,	0,	0,	0,	0,	0,	0,	0,	0,	0,	"other conditions detail",	"",	0,	0,	0,	0,	0,	0,	0,	0,	0,	0,	0,	0,	current_timestamp(),	current_timestamp(), 9);
INSERT INTO volunteerinfos (camp_name,sweatshirt_size,sweatshirt_style,camp_unit,background_check_complete,createdAt, updatedAt, RegistrationId)
VALUES ("","AS","Hoodie","8",0,current_timestamp(),current_timestamp(),9);
INSERT INTO registrations (first_year,	first_name,	last_name,	grade_in_school,	t_shirt_size,	buddy_request,	registered_girl_scout,	registration_confirmed,	troop_number,	service_unit_number,	guardian_first_name,	guardian_last_name,	address_street,	address_city,	address_state,	address_zip,	phone_cell,	phone_home,	phone_work,	phone_work_extension,	email,	emergency_contact_1_name,	emergency_contact_1_phone,	emergency_contact_1_relationship,	emergency_contact_2_name,	emergency_contact_2_phone,	emergency_contact_2_relationship,	contact_for_volunteer,	createdAt, updatedAt, EventId,	UserId)
VALUES (0,	"Maddie",	"Tula",	"7",	"AM",	"",	1,	0,	"53535",	"024",	"",	"",	"25019 235th Court SE",	"Maple Valley",	"WA",	98038,	"206-349-3212",	"",	"",	"",	"kelly@mail.com",	"Parent",	"206-349-3208",	"Spouse",	"Edward",	"206-839-1416",	"Grandparent",	0, current_timestamp(),	current_timestamp(), 1,	7);
INSERT INTO healthhistories (immunization_utd,	ci_asthma,	ci_blood_disorder,	ci_diabetes,	ci_ear_infection,	ci_heart,	ci_hypertension,	ci_muskuloskeletal_disorder,	ci_seizures,	ill_exposed,	ill_prolonged,	ill_medication,	inj_physical_restriction,	inj_recent_hospital_er,	inj_recent_injury_fracture,	inj_recent_surgery,	ci_ill_inj_detail,	all_animals,	all_foods,	all_hayfever,	all_insect_stings,	all_medications_drugs,	all_plants,	all_pollen,	all_detail,	ohc_bedwetting,	ohc_constipation,	ohc_emotional_disturbance,	ohc_fainting,	ohc_hearing_impairment,	ohc_menstrual_cramps,	ohc_motion_sickness,	ohc_nosebleeds,	ohc_sickle_cell,	ohc_sleep_disturbances,	ohc_special_diet_regime,	ohc_vision_impairment,	ohc_detail,	other_concern,	camp_administered_rx,	aspirin,	benadryl,	dramamine,	ibuprofen,	imodium,	pepto_bismol,	robitussin,	sudafed,	tums,	tylenol,	ont_neosporin,	ont_sunscreen,	createdAt, updatedAt, RegistrationId)
VALUES (1,	0,	0,	0,	0,	0,	0,	0,	0,	0,	0,	0,	0,	0,	0,	0,	"chronic illness details",	0,	0,	0,	0,	0,	0,	0,	"allergy details",	0,	0,	0,	0,	0,	0,	0,	0,	0,	0,	0,	0,	0,	"other conditions detail",	"",	0,	0,	0,	0,	0,	0,	0,	0,	0,	0,	0,	0,	current_timestamp(),	current_timestamp(), 10);
INSERT INTO volunteerinfos (camp_name,sweatshirt_size,sweatshirt_style,camp_unit,background_check_complete,createdAt, updatedAt, RegistrationId)
VALUES ("","AL","Hoodie with Name","7",0,current_timestamp(),current_timestamp(),10);

INSERT INTO registrations (first_year,	first_name,	last_name,	grade_in_school,	t_shirt_size,	buddy_request,	registered_girl_scout,	registration_confirmed,	troop_number,	service_unit_number,	guardian_first_name,	guardian_last_name,	address_street,	address_city,	address_state,	address_zip,	phone_cell,	phone_home,	phone_work,	phone_work_extension,	email,	emergency_contact_1_name,	emergency_contact_1_phone,	emergency_contact_1_relationship,	emergency_contact_2_name,	emergency_contact_2_phone,	emergency_contact_2_relationship,	contact_for_volunteer,	createdAt, updatedAt, EventId,	UserId)
VALUES (0,	"Sophia",	"Flipflop",	"2",	"YS",	"",	1,	0,	"12345",	"024",	"",	"",	"25019 235th Court SE",	"Maple Valley",	"WA",	98038,	"206-349-3212",	"",	"",	"",	"jenni@mail.com",	"Dad Flipflop",	"206-349-3208",	"Parent",	"Grandma Flipflop",	"206-839-1416",	"Grandparent",	0, current_timestamp(),	current_timestamp(), 1,	8);
INSERT INTO healthhistories (immunization_utd,	ci_asthma,	ci_blood_disorder,	ci_diabetes,	ci_ear_infection,	ci_heart,	ci_hypertension,	ci_muskuloskeletal_disorder,	ci_seizures,	ill_exposed,	ill_prolonged,	ill_medication,	inj_physical_restriction,	inj_recent_hospital_er,	inj_recent_injury_fracture,	inj_recent_surgery,	ci_ill_inj_detail,	all_animals,	all_foods,	all_hayfever,	all_insect_stings,	all_medications_drugs,	all_plants,	all_pollen,	all_detail,	ohc_bedwetting,	ohc_constipation,	ohc_emotional_disturbance,	ohc_fainting,	ohc_hearing_impairment,	ohc_menstrual_cramps,	ohc_motion_sickness,	ohc_nosebleeds,	ohc_sickle_cell,	ohc_sleep_disturbances,	ohc_special_diet_regime,	ohc_vision_impairment,	ohc_detail,	other_concern,	camp_administered_rx,	aspirin,	benadryl,	dramamine,	ibuprofen,	imodium,	pepto_bismol,	robitussin,	sudafed,	tums,	tylenol,	ont_neosporin,	ont_sunscreen,	createdAt, updatedAt, RegistrationId)
VALUES (1,	0,	0,	0,	1,	0,	0,	0,	0,	0,	0,	0,	0,	0,	0,	0,	"chronic illness details",	0,	0,	0,	0,	0,	0,	0,	"allergy details",	0,	0,	0,	0,	0,	0,	0,	0,	0,	0,	0,	0,	0,	"other conditions detail",	"",	1,	1,	1,	1,	1,	1,	1,	0,	0,	0,	0,	0,	current_timestamp(),	current_timestamp(), 11);
INSERT INTO registrations (first_year,	first_name,	last_name,	grade_in_school,	t_shirt_size,	buddy_request,	registered_girl_scout,	registration_confirmed,	troop_number,	service_unit_number,	guardian_first_name,	guardian_last_name,	address_street,	address_city,	address_state,	address_zip,	phone_cell,	phone_home,	phone_work,	phone_work_extension,	email,	emergency_contact_1_name,	emergency_contact_1_phone,	emergency_contact_1_relationship,	emergency_contact_2_name,	emergency_contact_2_phone,	emergency_contact_2_relationship,	contact_for_volunteer,	createdAt, updatedAt, EventId,	UserId)
VALUES (0,	"Tammy",	"Flipflop",	"2",	"YS",	"Julia Jones",	1,	0,	"12345",	"024",	"",	"",	"25019 235th Court SE",	"Maple Valley",	"WA",	98038,	"206-349-3212",	"",	"",	"",	"jenni@mail.com",	"Dad Flipflop",	"206-349-3208",	"Parent",	"Grandma Flipflop",	"206-839-1416",	"Grandparent",	0, current_timestamp(),	current_timestamp(), 1,	8);
INSERT INTO healthhistories (immunization_utd,	ci_asthma,	ci_blood_disorder,	ci_diabetes,	ci_ear_infection,	ci_heart,	ci_hypertension,	ci_muskuloskeletal_disorder,	ci_seizures,	ill_exposed,	ill_prolonged,	ill_medication,	inj_physical_restriction,	inj_recent_hospital_er,	inj_recent_injury_fracture,	inj_recent_surgery,	ci_ill_inj_detail,	all_animals,	all_foods,	all_hayfever,	all_insect_stings,	all_medications_drugs,	all_plants,	all_pollen,	all_detail,	ohc_bedwetting,	ohc_constipation,	ohc_emotional_disturbance,	ohc_fainting,	ohc_hearing_impairment,	ohc_menstrual_cramps,	ohc_motion_sickness,	ohc_nosebleeds,	ohc_sickle_cell,	ohc_sleep_disturbances,	ohc_special_diet_regime,	ohc_vision_impairment,	ohc_detail,	other_concern,	camp_administered_rx,	aspirin,	benadryl,	dramamine,	ibuprofen,	imodium,	pepto_bismol,	robitussin,	sudafed,	tums,	tylenol,	ont_neosporin,	ont_sunscreen,	createdAt, updatedAt, RegistrationId)
VALUES (1,	0,	0,	0,	1,	0,	0,	0,	0,	0,	0,	0,	0,	0,	0,	0,	"chronic illness details",	0,	0,	0,	0,	0,	0,	0,	"allergy details",	0,	0,	0,	0,	0,	0,	0,	0,	0,	0,	0,	0,	0,	"other conditions detail",	"",	1,	1,	1,	1,	1,	1,	1,	0,	0,	0,	0,	0,	current_timestamp(),	current_timestamp(), 12);
INSERT INTO registrations (first_year,	first_name,	last_name,	grade_in_school,	t_shirt_size,	buddy_request,	registered_girl_scout,	registration_confirmed,	troop_number,	service_unit_number,	guardian_first_name,	guardian_last_name,	address_street,	address_city,	address_state,	address_zip,	phone_cell,	phone_home,	phone_work,	phone_work_extension,	email,	emergency_contact_1_name,	emergency_contact_1_phone,	emergency_contact_1_relationship,	emergency_contact_2_name,	emergency_contact_2_phone,	emergency_contact_2_relationship,	contact_for_volunteer,	createdAt, updatedAt, EventId,	UserId)
VALUES (0,	"Ursula",	"Flipflop",	"2",	"YM",	"",	1,	0,	"12345",	"024",	"",	"",	"25019 235th Court SE",	"Maple Valley",	"WA",	98038,	"206-349-3212",	"",	"",	"",	"jenni@mail.com",	"Dad Flipflop",	"206-349-3208",	"Parent",	"Grandma Flipflop",	"206-839-1416",	"Grandparent",	0, current_timestamp(),	current_timestamp(), 1,	8);
INSERT INTO healthhistories (immunization_utd,	ci_asthma,	ci_blood_disorder,	ci_diabetes,	ci_ear_infection,	ci_heart,	ci_hypertension,	ci_muskuloskeletal_disorder,	ci_seizures,	ill_exposed,	ill_prolonged,	ill_medication,	inj_physical_restriction,	inj_recent_hospital_er,	inj_recent_injury_fracture,	inj_recent_surgery,	ci_ill_inj_detail,	all_animals,	all_foods,	all_hayfever,	all_insect_stings,	all_medications_drugs,	all_plants,	all_pollen,	all_detail,	ohc_bedwetting,	ohc_constipation,	ohc_emotional_disturbance,	ohc_fainting,	ohc_hearing_impairment,	ohc_menstrual_cramps,	ohc_motion_sickness,	ohc_nosebleeds,	ohc_sickle_cell,	ohc_sleep_disturbances,	ohc_special_diet_regime,	ohc_vision_impairment,	ohc_detail,	other_concern,	camp_administered_rx,	aspirin,	benadryl,	dramamine,	ibuprofen,	imodium,	pepto_bismol,	robitussin,	sudafed,	tums,	tylenol,	ont_neosporin,	ont_sunscreen,	createdAt, updatedAt, RegistrationId)
VALUES (1,	0,	0,	0,	1,	0,	0,	0,	0,	0,	0,	0,	0,	0,	0,	0,	"chronic illness details",	0,	0,	0,	0,	0,	0,	0,	"allergy details",	0,	0,	0,	0,	0,	0,	0,	0,	0,	0,	0,	0,	0,	"other conditions detail",	"",	1,	1,	1,	1,	1,	1,	1,	0,	0,	0,	0,	0,	current_timestamp(),	current_timestamp(), 13);
INSERT INTO registrations (first_year,	first_name,	last_name,	grade_in_school,	t_shirt_size,	buddy_request,	registered_girl_scout,	registration_confirmed,	troop_number,	service_unit_number,	guardian_first_name,	guardian_last_name,	address_street,	address_city,	address_state,	address_zip,	phone_cell,	phone_home,	phone_work,	phone_work_extension,	email,	emergency_contact_1_name,	emergency_contact_1_phone,	emergency_contact_1_relationship,	emergency_contact_2_name,	emergency_contact_2_phone,	emergency_contact_2_relationship,	contact_for_volunteer,	createdAt, updatedAt, EventId,	UserId)
VALUES (0,	"Vivi",	"Flipflop",	"3",	"YM",	"Clara Camper",	1,	0,	"98765",	"024",	"",	"",	"25019 235th Court SE",	"Maple Valley",	"WA",	98038,	"206-349-3212",	"",	"",	"",	"jenni@mail.com",	"Dad Flipflop",	"206-349-3208",	"Parent",	"Grandma Flipflop",	"206-839-1416",	"Grandparent",	0, current_timestamp(),	current_timestamp(), 1,	8);
INSERT INTO healthhistories (immunization_utd,	ci_asthma,	ci_blood_disorder,	ci_diabetes,	ci_ear_infection,	ci_heart,	ci_hypertension,	ci_muskuloskeletal_disorder,	ci_seizures,	ill_exposed,	ill_prolonged,	ill_medication,	inj_physical_restriction,	inj_recent_hospital_er,	inj_recent_injury_fracture,	inj_recent_surgery,	ci_ill_inj_detail,	all_animals,	all_foods,	all_hayfever,	all_insect_stings,	all_medications_drugs,	all_plants,	all_pollen,	all_detail,	ohc_bedwetting,	ohc_constipation,	ohc_emotional_disturbance,	ohc_fainting,	ohc_hearing_impairment,	ohc_menstrual_cramps,	ohc_motion_sickness,	ohc_nosebleeds,	ohc_sickle_cell,	ohc_sleep_disturbances,	ohc_special_diet_regime,	ohc_vision_impairment,	ohc_detail,	other_concern,	camp_administered_rx,	aspirin,	benadryl,	dramamine,	ibuprofen,	imodium,	pepto_bismol,	robitussin,	sudafed,	tums,	tylenol,	ont_neosporin,	ont_sunscreen,	createdAt, updatedAt, RegistrationId)
VALUES (1,	0,	0,	0,	1,	0,	0,	0,	0,	0,	0,	0,	0,	0,	0,	0,	"chronic illness details",	0,	0,	0,	0,	0,	0,	0,	"allergy details",	0,	0,	0,	0,	0,	0,	0,	0,	0,	0,	0,	0,	0,	"other conditions detail",	"",	1,	1,	1,	1,	1,	1,	1,	0,	0,	0,	0,	0,	current_timestamp(),	current_timestamp(), 14);

INSERT INTO registrations (first_year,	first_name,	last_name,	grade_in_school,	t_shirt_size,	buddy_request,	registered_girl_scout,	registration_confirmed,	troop_number,	service_unit_number,	guardian_first_name,	guardian_last_name,	address_street,	address_city,	address_state,	address_zip,	phone_cell,	phone_home,	phone_work,	phone_work_extension,	email,	emergency_contact_1_name,	emergency_contact_1_phone,	emergency_contact_1_relationship,	emergency_contact_2_name,	emergency_contact_2_phone,	emergency_contact_2_relationship,	contact_for_volunteer,	createdAt, updatedAt, EventId,	UserId)
VALUES (0,	"Wanda",	"Smith",	"2",	"YS",	"Sophia Flipflop",	1,	0,	"12345",	"024",	"",	"",	"25019 235th Court SE",	"Maple Valley",	"WA",	98038,	"206-349-3212",	"",	"",	"",	"smith@mail.com,wanda@mail.com",	"Dad Flipflop",	"206-349-3208",	"Parent",	"Grandma Flipflop",	"206-839-1416",	"Grandparent",	0, current_timestamp(),	current_timestamp(), 1,	8);
INSERT INTO healthhistories (immunization_utd,	ci_asthma,	ci_blood_disorder,	ci_diabetes,	ci_ear_infection,	ci_heart,	ci_hypertension,	ci_muskuloskeletal_disorder,	ci_seizures,	ill_exposed,	ill_prolonged,	ill_medication,	inj_physical_restriction,	inj_recent_hospital_er,	inj_recent_injury_fracture,	inj_recent_surgery,	ci_ill_inj_detail,	all_animals,	all_foods,	all_hayfever,	all_insect_stings,	all_medications_drugs,	all_plants,	all_pollen,	all_detail,	ohc_bedwetting,	ohc_constipation,	ohc_emotional_disturbance,	ohc_fainting,	ohc_hearing_impairment,	ohc_menstrual_cramps,	ohc_motion_sickness,	ohc_nosebleeds,	ohc_sickle_cell,	ohc_sleep_disturbances,	ohc_special_diet_regime,	ohc_vision_impairment,	ohc_detail,	other_concern,	camp_administered_rx,	aspirin,	benadryl,	dramamine,	ibuprofen,	imodium,	pepto_bismol,	robitussin,	sudafed,	tums,	tylenol,	ont_neosporin,	ont_sunscreen,	createdAt, updatedAt, RegistrationId)
VALUES (1,	0,	0,	0,	1,	0,	0,	0,	0,	0,	0,	0,	0,	0,	0,	0,	"chronic illness details",	0,	0,	0,	0,	0,	0,	0,	"allergy details",	0,	0,	0,	0,	0,	0,	0,	0,	0,	0,	0,	0,	0,	"other conditions detail",	"",	1,	1,	1,	1,	1,	1,	1,	0,	0,	0,	0,	0,	current_timestamp(),	current_timestamp(), 15);
INSERT INTO registrations (first_year,	first_name,	last_name,	grade_in_school,	t_shirt_size,	buddy_request,	registered_girl_scout,	registration_confirmed,	troop_number,	service_unit_number,	guardian_first_name,	guardian_last_name,	address_street,	address_city,	address_state,	address_zip,	phone_cell,	phone_home,	phone_work,	phone_work_extension,	email,	emergency_contact_1_name,	emergency_contact_1_phone,	emergency_contact_1_relationship,	emergency_contact_2_name,	emergency_contact_2_phone,	emergency_contact_2_relationship,	contact_for_volunteer,	createdAt, updatedAt, EventId,	UserId)
VALUES (0,	"X",	"Johnson",	"2",	"YS",	"Sophia Flipflop",	1,	0,	"12345",	"024",	"",	"",	"25019 235th Court SE",	"Maple Valley",	"WA",	98038,	"206-349-3212",	"",	"",	"",	"johnson@mail.com",	"Dad Flipflop",	"206-349-3208",	"Parent",	"Grandma Flipflop",	"206-839-1416",	"Grandparent",	0, current_timestamp(),	current_timestamp(), 1,	8);
INSERT INTO healthhistories (immunization_utd,	ci_asthma,	ci_blood_disorder,	ci_diabetes,	ci_ear_infection,	ci_heart,	ci_hypertension,	ci_muskuloskeletal_disorder,	ci_seizures,	ill_exposed,	ill_prolonged,	ill_medication,	inj_physical_restriction,	inj_recent_hospital_er,	inj_recent_injury_fracture,	inj_recent_surgery,	ci_ill_inj_detail,	all_animals,	all_foods,	all_hayfever,	all_insect_stings,	all_medications_drugs,	all_plants,	all_pollen,	all_detail,	ohc_bedwetting,	ohc_constipation,	ohc_emotional_disturbance,	ohc_fainting,	ohc_hearing_impairment,	ohc_menstrual_cramps,	ohc_motion_sickness,	ohc_nosebleeds,	ohc_sickle_cell,	ohc_sleep_disturbances,	ohc_special_diet_regime,	ohc_vision_impairment,	ohc_detail,	other_concern,	camp_administered_rx,	aspirin,	benadryl,	dramamine,	ibuprofen,	imodium,	pepto_bismol,	robitussin,	sudafed,	tums,	tylenol,	ont_neosporin,	ont_sunscreen,	createdAt, updatedAt, RegistrationId)
VALUES (1,	0,	0,	0,	1,	0,	0,	0,	0,	0,	0,	0,	0,	0,	0,	0,	"chronic illness details",	0,	0,	0,	0,	0,	0,	0,	"allergy details",	0,	0,	0,	0,	0,	0,	0,	0,	0,	0,	0,	0,	0,	"other conditions detail",	"",	1,	1,	1,	1,	1,	1,	1,	0,	0,	0,	0,	0,	current_timestamp(),	current_timestamp(), 16);
INSERT INTO registrations (first_year,	first_name,	last_name,	grade_in_school,	t_shirt_size,	buddy_request,	registered_girl_scout,	registration_confirmed,	troop_number,	service_unit_number,	guardian_first_name,	guardian_last_name,	address_street,	address_city,	address_state,	address_zip,	phone_cell,	phone_home,	phone_work,	phone_work_extension,	email,	emergency_contact_1_name,	emergency_contact_1_phone,	emergency_contact_1_relationship,	emergency_contact_2_name,	emergency_contact_2_phone,	emergency_contact_2_relationship,	contact_for_volunteer,	createdAt, updatedAt, EventId,	UserId)
VALUES (0,	"Yolanda",	"Anderson",	"2",	"YM",	"",	1,	0,	"12345",	"024",	"",	"",	"25019 235th Court SE",	"Maple Valley",	"WA",	98038,	"206-349-3212",	"",	"",	"",	"anderson@mail.com",	"Dad Flipflop",	"206-349-3208",	"Parent",	"Grandma Flipflop",	"206-839-1416",	"Grandparent",	0, current_timestamp(),	current_timestamp(), 1,	8);
INSERT INTO healthhistories (immunization_utd,	ci_asthma,	ci_blood_disorder,	ci_diabetes,	ci_ear_infection,	ci_heart,	ci_hypertension,	ci_muskuloskeletal_disorder,	ci_seizures,	ill_exposed,	ill_prolonged,	ill_medication,	inj_physical_restriction,	inj_recent_hospital_er,	inj_recent_injury_fracture,	inj_recent_surgery,	ci_ill_inj_detail,	all_animals,	all_foods,	all_hayfever,	all_insect_stings,	all_medications_drugs,	all_plants,	all_pollen,	all_detail,	ohc_bedwetting,	ohc_constipation,	ohc_emotional_disturbance,	ohc_fainting,	ohc_hearing_impairment,	ohc_menstrual_cramps,	ohc_motion_sickness,	ohc_nosebleeds,	ohc_sickle_cell,	ohc_sleep_disturbances,	ohc_special_diet_regime,	ohc_vision_impairment,	ohc_detail,	other_concern,	camp_administered_rx,	aspirin,	benadryl,	dramamine,	ibuprofen,	imodium,	pepto_bismol,	robitussin,	sudafed,	tums,	tylenol,	ont_neosporin,	ont_sunscreen,	createdAt, updatedAt, RegistrationId)
VALUES (1,	0,	0,	0,	1,	0,	0,	0,	0,	0,	0,	0,	0,	0,	0,	0,	"chronic illness details",	0,	0,	0,	0,	0,	0,	0,	"allergy details",	0,	0,	0,	0,	0,	0,	0,	0,	0,	0,	0,	0,	0,	"other conditions detail",	"",	1,	1,	1,	1,	1,	1,	1,	0,	0,	0,	0,	0,	current_timestamp(),	current_timestamp(), 17);
INSERT INTO registrations (first_year,	first_name,	last_name,	grade_in_school,	t_shirt_size,	buddy_request,	registered_girl_scout,	registration_confirmed,	troop_number,	service_unit_number,	guardian_first_name,	guardian_last_name,	address_street,	address_city,	address_state,	address_zip,	phone_cell,	phone_home,	phone_work,	phone_work_extension,	email,	emergency_contact_1_name,	emergency_contact_1_phone,	emergency_contact_1_relationship,	emergency_contact_2_name,	emergency_contact_2_phone,	emergency_contact_2_relationship,	contact_for_volunteer,	createdAt, updatedAt, EventId,	UserId)
VALUES (0,	"Zelda",	"Jones",	"3",	"YM",	"Vivi Flipflop",	1,	0,	"98765",	"024",	"",	"",	"25019 235th Court SE",	"Maple Valley",	"WA",	98038,	"206-349-3212",	"",	"",	"",	"jones@mail.com",	"Dad Flipflop",	"206-349-3208",	"Parent",	"Grandma Flipflop",	"206-839-1416",	"Grandparent",	0, current_timestamp(),	current_timestamp(), 1,	8);
INSERT INTO healthhistories (immunization_utd,	ci_asthma,	ci_blood_disorder,	ci_diabetes,	ci_ear_infection,	ci_heart,	ci_hypertension,	ci_muskuloskeletal_disorder,	ci_seizures,	ill_exposed,	ill_prolonged,	ill_medication,	inj_physical_restriction,	inj_recent_hospital_er,	inj_recent_injury_fracture,	inj_recent_surgery,	ci_ill_inj_detail,	all_animals,	all_foods,	all_hayfever,	all_insect_stings,	all_medications_drugs,	all_plants,	all_pollen,	all_detail,	ohc_bedwetting,	ohc_constipation,	ohc_emotional_disturbance,	ohc_fainting,	ohc_hearing_impairment,	ohc_menstrual_cramps,	ohc_motion_sickness,	ohc_nosebleeds,	ohc_sickle_cell,	ohc_sleep_disturbances,	ohc_special_diet_regime,	ohc_vision_impairment,	ohc_detail,	other_concern,	camp_administered_rx,	aspirin,	benadryl,	dramamine,	ibuprofen,	imodium,	pepto_bismol,	robitussin,	sudafed,	tums,	tylenol,	ont_neosporin,	ont_sunscreen,	createdAt, updatedAt, RegistrationId)
VALUES (1,	0,	0,	0,	1,	0,	0,	0,	0,	0,	0,	0,	0,	0,	0,	0,	"chronic illness details",	0,	0,	0,	0,	0,	0,	0,	"allergy details",	0,	0,	0,	0,	0,	0,	0,	0,	0,	0,	0,	0,	0,	"other conditions detail",	"",	1,	1,	1,	1,	1,	1,	1,	0,	0,	0,	0,	0,	current_timestamp(),	current_timestamp(), 18);
